Titulo,Precio,Descripci√≥n
MSI GL72M 7RDX,$1099.00,"Asus ROG Strix GL553VD-DM535T, 15.6"" FHD, Core i7-7700HQ, 8GB, 1TB + 128GB SSD, GeForce GTX 1050 2GB, Windows 10 Home, Eng kbd"
Dell Latitude 54...,$1133.82,"Dell Latitude 5480, 14"" FHD, Core i5-7300U, 8GB, 500GB, Windows 10 Pro"
Hewlett Packard...,$364.46,"Hewlett Packard 250 G6 Dark Ash Silver, 15.6"" HD, Celeron N3060 1.6GHz, 4GB, 128GB SSD, DOS"
Dell Inspiron 17...,$1124.20,"Dell Inspiron 17 2in1 (7779) Silver, 17.3"" FHD Touch, Core i5-7200U, 12GB, 1TB, GeForce GT940MX 2GB, Windows 10 Home"
MSI GL62M 7REX,$1199.00,"MSI GL62M 7REX, 15.6"" FHD, Core i7-7700HQ, 8GB, 1TB + 128GB SSD, GeForce GTX 1050 Ti 2GB, Windows 10 Home"
Asus ROG STRIX G...,$899.00,"Asus ROG STRIX GL553VD-DM256, 15.6"" FHD, Core i5-7300HQ, 8GB, 1TB, GeForce GTX 1050 2GB, No OS + Windows 10 Home"
Asus VivoBook X4,$295.99,"Asus VivoBook X441NA-GA190 Chocolate Black, 14"", Celeron N3450, 4GB, 128GB SSD, Endless OS, ENG kbd"
Prestigio SmartB,$299.00,"Prestigio SmartBook 133S Dark Grey, 13.3"" FHD IPS, Celeron N3350 1.1GHz, 4GB, 32GB, Windows 10 Pro + Office 365 1 gadam"
Prestigio SmartB,$299.00,"Prestigio SmartBook 133S Gold, 13.3"" FHD IPS, Celeron N3350 1.1GHz, 4GB, 32GB, Windows 10 Pro + Office 365 1 gadam"
Lenovo IdeaTab,$69.99,"7"" screen, Android"
IdeaTab A3500L,$88.99,"Black, 7"" IPS, Quad-Core 1.2GHz, 8GB, Android 4.2"
Acer Iconia,$96.99,"7"" screen, Android, 16GB"
Iphone,$899.99,White
Iphone,$899.99,Black
Nokia 123,$24.99,7 day battery
Nokia 123,$24.99,7 day battery
LG Optimus,$57.99,"3.2"" screen"
Samsung Galaxy,$93.99,5 mpx. Android 5.0
